"Doc_number","external_id","article_date","title","source","subtitle","author","publisher","language","publication_type","section","subject","page"
1,1812,"01.10.2009","El Consejo Coordinador Empresarial en el sexenio de Vicente Fox","Centro de Estudios Internacionales","","Muñoz Cota Callejas, José","",nan,"Maestro en Ciencia Política","","Fox Quesada, Vicente",""
2,616,"01.10.2004","Infancia, lectura y recreación: una historia de las publicaciones para niños en el siglo XIX mexicano","Centro de Estudios Históricos","","Alcubierre, Beatriz","",nan,"Doctor en Historia","","Libros y lectura para niños",""
3,1130,"01.10.2005","Proyecto nacional y exclusión política: un análisis de los procesos de reafirmación étnica en Angola independiente, 1975-1992","Centro de Estudios de Asia y África","","Candido, Mariana Pinho","",nan,"Maestro en Estudios de Asia y África","","Movimento Popular de Libertação de Angola",""
4,658,"01.10.2003","Mito y campo de políticas educativas en México: entre la revolución y el federalismo, 1914-1993","Centro de Estudios Sociológicos","","Reséndiz García, Ramón R","",nan,"Doctor en Ciencias Sociales","","Educación",""
5,1176,"01.10.2004","La política nuclear de India, 1947-1998: en la búsqueda del poder","Centro de Estudios de Asia y África","","González Castañeda, Mario","",nan,"Maestro en Estudios de Asia y África","","Armas nucleares",""
6,736,"01.10.2002","Vale más un mal arreglo que un buen pleito: Estados Unidos y el Plan Colombia","Centro de Estudios Internacionales","","Aguirre Ponce, Rafael A.","",nan,"Licenciado en Relaciones Internacionales","","Guerrillas",""
7,1696,"01.10.2009","Identidades juveniles de Harajuku y su respresentación fotográfica en la Revista Fruits","Centro de Estudios de Asia y África","","Valle Padilla, Itzel","",nan,"Maestro en Estudios de Asia y Africa","","Shoichi, Aoki",""
8,1835,"01.10.2009","Educación y fecundidad en México y Colombia","Centro de Estudios Demográficos, Urbanos y Ambientales","","Paz Gómez, Leonor","",nan,"Doctor en Ciencias Sociales","","Educación sexual",""
9,1260,"01.10.2005","Participación en plusvalías: condiciones jurídicas para su implementación en México","Centro de Estudios Demográficos, Urbanos y Ambientales","","Acosta Mora, Claudia Marcela","",nan,"Maestro en Estudios Urbanos","","Uso urbano del suelo",""
10,676,"01.10.2003","Frontera adentro y afuera: los límites de la política de México y de Estados Unidos, 1848-2002","Centro de Estudios Internacioales","","Délano Alonso, Alexandra","",nan,"Licenciado en Relaciones Internacionales","","Estados Unidos",""
11,1157,"01.10.2005","El trabajo en la calle: subsistencia y negociación política en la ciudad de México a comienzos del siglo XX","Centro de Estudios Históricos","","Barbosa Cruz, Roger Mario","",nan,"Doctor en Historia","","Control social",""
12,724,"01.10.2003","El desarrollo lingüístico en los años escolares: análisis de narraciones infantiles","Centro de Estudios Lingüísticos y Literarios","","Hess Zimmermann, Karina","",nan,"Doctor en Lingüística","","Adquisición del lenguaje",""
13,1667,"01.10.2009","Cultura de catacumbas: grupos de estudio y disidencia intelectural en el Buenos Aires de la última dictadura","Centro de Estudios Internacionales","","Polgovsky Ezcurra, Mara","",nan,"Licenciado en Relaciones Internacionales","","Dictadura",""
14,618,"01.10.2004","Las mujeres jóvenes frente a la reproducción: un análisis de sus primeras transiciones vitales","Centro de Estudios Demográficos y de Desarrollo Urbano","","Rivera Sánchez, Patricia","",nan,"Maestro en Demografía","","Familia",""
15,1889,"01.10.2009","El viraje a la izquierda en América Latina: el Partido de la Revolución Democrática y el Partido de los Trabajadores","Centro de Estudios Internacionales","","Yanes Grollová, Daniel","",nan,"Maestro en Ciencia Política","","Partido de la Revolución Democrática (México)",""
16,1154,"01.10.2004","Factores asociados a la participación laboral de las mujeres pobres y no pobres en México","Centro de Estudios Demográficos y de Desarrollo Urbano","","Nájera Aguirre, Jéssica Natalia","",nan,"Maestro en Demografía","","Familia",""
17,1133,"01.10.2004","Un mito útil en la seguridad nacional marroquí: las reivindicaciones territoriales sobre la RASD","Centro de Estudios de Asia y África","","Sánchez Bernal, Indira Iasel","",nan,"Maestro en Estudios de Asia y Africa","","Seguridad nacional",""
18,1555,"01.10.2004","Las inversiones extranjeras directas de la república de Corea al exterior (1980-2003)","Centro de Estudios de Asia y África","","Corcuera Coutiño, Carlos Enrique","",nan,"Maestro en Estudios de Asia y Africa","","Inversiones",""
19,620,"01.10.2004","Relaciones intergubernamentales en la prestación de servicios públicos municipales: el caso de los sistemas de tratamiento de aguas residuales en San Luis Potosí","Centro de Estudios Demográficos y de Desarrollo Urbano","","Sotelo Núñez, Esthela Irene","",nan,"Maestro en Estudios Urbanos","","Aguas residuales",""
20,648,"01.10.2003","Análisis de la concepción de la femineidad en la literatura de la India: Radha y Sita","Centro de Estudios de Asia y Africa","","Castro Meagher, Genoveva","",nan,"Maestro en Estudios de Asia y Africa","","Feminidad en la literatura",""
21,1684,"01.10.2009","El mercado de IDOL varones en Japón, 1999-2008: caracterización de la oferta a través del estudio de un caso representativo","Centro de Estudios de Asia y Africa","","Mandujano Salazar, Yunuen Ysela","",nan,"Maestro en Estudios de Asia y Africa","","Consumo (economía)",""
22,632,"01.10.2003","La educación básica y la desigualdad territorial en los municipios de San Luis Potosí","Centro de Estudios Demográficos y de Desarrollo Urbano","","Alva Fuentes, Benjamín Fidel","","spa","Maestro en Desarrollo Urbano","","Educación elemental",""
23,486,"01.10.2005","Alcances y límites de la participación privada en la gestión del agua en el Distrito Federal: una evaluación de 12 años, 1990-2002","Centro de Estudios Demográficos, Urbanos y Ambientales","","Cevallos de la Mora, Andrés","",nan,"Maestro en Estudios Urbanos","","Abastecimiento de agua",""
24,683,"01.10.2003","Migraciones y división social del espacio: el asentamiento de la población nicaragüense en el Cantón Central de San José, Costa Rica","Centro de Estudios Demográficos y de Desarrollo Urbano","","Olivares Ferreto, Edith","",nan,"Maestro en Estudios Urbanos","","Asentamientos humanos",""
25,613,"01.10.2003","La participación de la comunidad mexicana americana en el diseño de la política de educación bilingüe en los Estados Unidos: 1963-1980","Centro de Estudios Internacionales","","Vázquez Maldonado, Lynda Karen","",nan,"Licenciado en Relaciones Internacionales","","Educación bilingüe",""
26,651,"01.10.2003","La distribución espacial de los servicios en la zona metropolitana de Puebla, 1988-1998","Centro de Estudios Demográficos y de Desarrollo Urbano","","Angoa, Isabel","",nan,"Maestro en Estudios Urbanos","","Planificación regional",""
27,671,"01.10.2003","Investigación cuantitativa de afijos y clíticos del español de México: glutinometría en el corpus del español mexicano contemporáneo","Centro de Estudios Lingüísticos y Literarios","","Medina Urrea, Alfonso","",nan,"Doctor en Lingüística","","Español",""
28,603,"01.10.2004","El sector eléctrico mexicano: de la entrada a la agenda a la capacidad de reforma","Centro de Estudios Internacionales","","Varela Salazar, Myrna del Rosario","",nan,"Licenciado en Administración Pública","","Industria eléctrica",""
29,668,"01.10.2004","El modelo de Nelson-Siegel para la estimación de una curva de rendimiento de Cetes","Centro de Estudios Económicos","","Campos Cauich, Víctor Manuel Martín","",nan,"Maestro en Economía","","Certificados de la Tesorería de la Federación",""
30,1608,"01.10.2009","El C?rucary? de Ksemendra: un afable comportamiento","Centro de Estudios de Asia y Africa","","Rentería Alejandre, Sergio Armando","",nan,"Maestro en Estudios de Asia y Africa","","Ksemendra",""
31,1807,"01.10.2009","La biblioteca de prisión en dos centros de readaptación social del Distrito Federal","Biblioteca Daniel Cosío Villegas","","Rey Loaiza, Rosa Jimena","",nan,"Maestro en Bibliotecología","","Bibliotecas de prisiones",""
32,609,"01.10.2003","Tamaño y tiempo óptimos de ajuste del tipo de cambio real en una banda con barreras superior e inferior","Centro de Estudios Económicos","","Sierra Juárez, Guillermo","",nan,"Maestro en Economía","","Cambio",""
33,690,"01.10.2004","¿Es una oración negativa?: un estudio exploratorio sobre la reflexión metalingüística en niños en edad escolar","Centro de Estudios Lingüísticos y Literarios","","Parra Velasco, María Luisa","",nan,"Doctor en Lingüística","","Gramática comparada y general",""
34,1144,"01.10.2004","Un acercamiento a la comunicación, conocimientos y comportamiento sexual de la primera relación sexual de los adolescentes mexicanos","Centro de Estudios Demográficos y de Desarrollo Urbano","","Jiménez Uribe, Rodrigo","",nan,"Maestro en Demografía","","Embarazo en la adolescencia",""
35,661,"01.10.2004","Las relaciones internacionales de las entidades federativas: el caso de México","Centro de Estudios Internacionales","","Monroy Luna, Rubén","",nan,"Licenciado en Relaciones Internacionales","","Gobierno estatal",""
36,642,"01.10.2004","Influencia de la migración internacional, México-Estados Unidos, en el calendario de la nupcialidad","Centro de Estudios Demográficos y de Desarrollo Urbano","","Cabrera Díaz, María del Carmen","",nan,"Maestro en Demografía","","Emigración e inmigración",""
37,1663,"01.10.2009","Amancebamientos y concubinatos: el discurso normativo y las representaciones de lo femenino y lo masculino : la ciudad de México y sus alrededores, 1777-1805","Centro de Estudios Sociológicos","","Montoya Gómez, María Victoria","",nan,"Maestro en Estudios de Género","","Concubinato",""
38,675,"01.10.2004","Intelectuales, integración e identidad regional: la Unión Latino Americana y el Boletín Renovación, 1922-1930","Centro de Estudios Históricos","","Pita González, Alexandra","","spa","Doctor en Historia","","Unión Latino Americana",""
39,1819,"01.10.2009","Una mirada sociológica desde el cuerpo y las emociones a las maternidades lésbicas","Centro de Estudios Sociológicos","","Rosas Chávez, Nadia Marlene","",nan,"Maestro en Estudios de Género","","Lesbianas",""
40,1661,"01.10.2009","Buenavista: nodo intermodal de transporte de pasajeros en la ZMCM","Centro de Estudios Demográficos, Urbanos y Ambientales","","Ramírez Reyes Brito, Lorelei","",nan,"Maestro en Estudios Urbanos","","Ferrocarriles",""
41,1373,"01.10.2007","Estimación de preferencias del consumidor mediante el uso de datos del mercado: una aplicación para la demanda de automóviles en México","Centro de Estudios Económicos","","Zarco Jasso, Hugo","",nan,"Maestro en Economía","","Automóviles",""
42,1677,"01.10.2009","Variación y cambio fónico en el Caribe Colombiano: estudio sociolingüístico sobre la ciudad de Barranquilla","Centro de Estudios Lingüísticos y Literarios","","Rodríguez Cadena, Yolanda","",nan,"Doctor en Lingüística","","Español",""
43,1173,"01.10.2004","Los Griots en Malí contemporáneo","Centro de Estudios de Asia y África","","Padilla Campos, Gerardo","",nan,"Maestro en Estudios de Asia y África","","Historia oral",""
44,625,"01.10.2003","La entrada de la república popular China a la OMC desde la perspectiva de la apertura económica de China","Centro de Estudios de Asia y África","","Balderrama Santander, Armando Renato","",nan,"Maestro en Estudios de Asia y Africa","","Organización Mundial de Comercio",""
45,626,"01.10.2003","La literatura fantástica en México: Roa Bárcena, Fuentes y Pacheco","Centro de Estudios Lingüísticos y Literarios","","Olea Franco, Rafael","",nan,"Doctor en Literatura Hispánica","","Fuentes, Carlos",""
46,1135,"01.10.2004","El servicio profesional electoral, 1993-2003: en busca de un servicio civil meritocrático de carrera","Centro de Estudios Internacionales","","Arámbula Quiñones, Héctor Rafael","",nan,"Licenciado en Administración Pública","","Funcionarios y empleados públicos",""
47,680,"01.10.2004","Crítica de las interpretaciones de la obra de Max Weber en Alemania: disertación sobre el problema de la racionalidad en la historia, la religión y la política según Max Weber y del enigmático fraude perpetrado en Economía y sociedad: de Mommsen a Habermas, pasando por Winckelmann, Tenbruck, Schluchter y varios más intérpretes teutones, 1961-2003","Centro de Estudios Internacionales","","Gil Villegas M., Francisco","",nan,"Maestro en Ciencia Política","","Weber, Max",""
48,1124,"01.10.2004","Escenario en las zonas costeras mexicanas : 1990-2010: impacto demográfico","Centro de Estudios Demográficos y de Desarrollo Urbano","","Heyser Basagoiti, María Isabel","",nan,"Maestro en Demografía","","Población",""
49,1856,"01.10.2009","El efecto de la migración masculina a Estados Unidos en el trabajo femenino extradoméstico: un estudio de caso en el estado de Guanajuanto","Centro de Estudios Demográfícos, Urbanos y Ambientales","","Ramírez García, Telésforo","",nan,"Doctor en Estudios de Población","","Trabajo a domicilio",""
50,1832,"01.10.2009","La contienda por las reformas del sistema de salud en Colombia, 1990-2006","Centro de Estudios Sociológicos","","Uribe Gómez, Mónica","",nan,"Doctor en Ciencia Social","","Salud pública",""
51,669,"01.10.2004","Convergencia en capital humano en México: un estudio en el plano estatal, 1960-2000","Centro de Estudios Económicos","","Vélez Grajales, Roberto","",nan,"Maestro en Economía","","Capital humano",""
52,686,"01.10.2003","Los ecos de Vac o la Viña de Sarasvati: la diosa de la palabra y la evolución de un culto","Centro de Estudios de Asia y Africa","","Muñoz, Adrián","","spa","Maestro en Estudios de Asia y Africa","","Mitología hindú",""
53,735,"01.10.2002","La poética de la novela histórica mexicana del siglo XIX: la historia y la cultura como testimonio mítico","Centro de Estudios Lingüísticos y Literarios","","Bobadilla Encinas, Gerardo","",nan,"Doctor en Literatura Hispánica","","Díaz Covarrubias, Juan",""
54,1658,"01.10.2009","Tasas de reemplazo en los sistemas de cuentas individuales: el caso del IMSS e ISSSTE","Centro de Estudios Económicos","","Reséndiz Mora, Ana María","",nan,"Maestro en Economía","","Cuentas individuales para el retiro",""
55,659,"01.10.2003","Análisis de la estructura y los símbolos en los 16 poemas de separación del Shi Jing","Centro de Estudios de Asia y Africa","","Svákhina, Tatiana","",nan,"Maestro en Estudios de Asia y Africa","","Poesía china",""
56,660,"01.10.2004","Algunas concepciones islámicas sobre derechos humanos","Centro de Estudios de Asia y África","","Sánchez Carmona, Gabriela","",nan,"Maestro en Estudios de Asia y África","","Derechos civiles",""
57,623,"01.10.2003","La vida es sueño a la luz de la tradición neoestoico-tacitista","Centro de Estudios Lingüisticos y Literarios","","Campbell Manjarrez, Ysla","",nan,"Doctor en Literatura Hispánica","","Calderón de la Barca, Pedro",""
58,1197,"01.10.2004","Las diásporas en Estados Unidos y la política exterior","Centro de Estudios Internacionales","","Basáñez Beltrán y Puga, Alejandro","",nan,"Licenciado en Relaciones Internacionales","","Diáspora",""
59,630,"01.10.2003","Los sistemas de incentivos en las instituciones de educación superior en México","Centro de Estudios Económicos","","Minor Campa, Enrique Eliseo","",nan,"Maestro en Economía","","Educación superior",""
60,700,"01.10.2004","Migración circular a Estados Unidos y la movilidad ocupacional de los jefes de hogar migrantes en México","Centro de Estudios Demográficos y de Desarrollo Urbano","","Cobo Quintero, Salvador David","",nan,"Maestro en Demografía","","Migración interna",""
61,1155,"01.10.2004","Diferenciación por género de la inversión en educación para ciertas comunidades rurales en México","Centro de Estudios Económicos","","Corona Valdés, Roberto","",nan,"Maestro en Economía","","Educación rural",""
62,1861,"01.10.2009","Ibn Jald?n: la tradición aristotélica en la ciencia nueva","Centro de Estudios de Asia y África","","Ponce Guadian, Arturo","",nan,"Doctor en Estudios de Asia y África","","Ibn Khaldûn",""
63,673,"01.10.2003","Trama de una guerra conveniente: apaches infidentes y abigeos en Nueva Vizcaya en el siglo XVIII","Centro de Estudios Históricos","","Ortelli Pellizzari, Sara","",nan,"Doctor en Historia","","Apaches (Indios)",""
64,1263,"01.10.2004","El rey entre la materia y la idea: reflexiones encontradas sobre la relación del rey con la religión y lo sagrado en la India antigua","Centro de Estudios de Asia y África","","García Brosseau, Esteban","",nan,"Maestro en Estudios de Asia y África","","Idealismo",""
65,752,"01.10.2003","El hombre que lo podía todo todo todo: ensayo sobre el mito presidencial en México","Centro de Estudios Internacionales","","Espíndola Mata, Juan","",nan,"Licenciado en Administración Pública","","Gobernadores",""
66,691,"01.10.2003","No linealidad en la bolsa mexicana de valores: un análisis mediante fractales y la prueba BDS","Centro de Estudios Económicos","","Theurel Félix, Eduardo Emilio","",nan,"Maestro en Economía","","Bolsa Mexicana de Valores",""
67,695,"01.10.2003","Participación laboral y autonomía femenina: el caso de la actividad productiva familiar del invernadero en el pueblo de San Luis Tlaxialtemalco en Xochimilco","Centro de Estudios Demográficos y de Desarrollo Urbano","","Neira Orjuela, Fernando","",nan,"Doctor en Estudios de Población","","Estudios sobre la mujer",""
68,1863,"01.10.2009","Redes y organizaciones de migrantes: actores sociopolíticos transnacionales de la mixteca poblana","Centro de Estudios Sociológicos","","Rosas López, María de Lourdes","",nan,"Doctor en Ciencia Social","","Desarrollo rural",""
69,617,"01.10.2003","Imaginarios urbanos de la inseguridad: en zonas habitacionales abiertas y cerradas de Cuernavaca Morelos","Centro de Estudios Demográficos y de Desarrollo Urbano","","Pérez Varela, Alicia Angelica","",nan,"Maestro en Estudios Urbanos","","Sociología urbana",""
70,628,"01.10.2003","Edición crítica del tratado: Sitio, naturaleza y propiedades de la ciudad de México- de Diego Cisneros, 1618___","Centro de Estudios Lingüísticos y Literarios","","Venier, Martha Elena","","spa","Doctor en Lingüística y Literatura Hispánicas","","Cisneros, Diego de",""
71,1872,"01.10.2009","Consumption capital asset pricing model, CCAPM: una aplicación para México","Centro de Estudios Económicos","","Terrazas Santamaría, Diana","",nan,"Maestro en Economía","","Activo (Contabilidad)",""
72,607,"01.10.2004","Las ciudades como nuevos actores internacionales: navegantes locales del Cono Sur en el océano global","Centro de Estudios Internacionales","","Cabannes Vásquez, Johannes","",nan,"Licenciado en Relaciones Internacionales","","Ciudades y pueblos",""
73,793,"01.10.2003","Administración de tierras y bienes comunales: política, organización territorial y comunidad de los pueblos de Texcoco, 1812-1857","Centro de Estudios Históricos","","Birrichaga Gardida, Diana","",nan,"Doctor en Historia","","Ejidos",""
74,728,"01.10.2003","Hiroshima: dos visiones : bomba atómica y manipulación informativa","Centro de Estudios de Asia y África","","González L., Silvia Lidia","",nan,"Doctor en Estudios de Asia y África","","Etica periodística",""
75,634,"01.10.2003","Jerarquización del sistema de ciudades de Jalisco, 2000","Centro de Estudios Internacionales","","Ramos Rodríguez, Mónica","",nan,"Licenciado en Relaciones Internacionales","","Ciudades y pueblos",""
76,1116,"01.10.2005","La política migratoria mexicana en la frontera sur, 1980-2000","Centro de Estudios Internacionales","","Cid Guardado, Natalia del","",nan,"Licenciado en Relaciones Internacionales","","Política migratoria",""
77,1820,"01.10.2009","La influencia de las leyes electorales sobre los partidos políticos de oposición: la LOPPEE y el PAN ; el CFE y el PRD","Centro de Estudios Internacionales","","Ruiz Morales, Guillermo","",nan,"Maestro en Ciencia Política","","Partido Acción Nacional (México)",""
78,614,"01.10.2004","Salario mínimo y estructura del mercado laboral: un análisis para México 1990-1999","Centro de Estudios Económicos","","Moreno Treviño, Jorge Omar","",nan,"Maestro en Economía","","Mercado de trabajo",""
79,1126,"01.10.2004","La disociación entre el inicio de la vida sexual y la unión conyugal en México: dos aproximaciones metodológicas","Centro de Estudios Demográficos y de Desarrollo Urbano","","Pérez Amador, Adriana","",nan,"Maestro en Demografía","","Demografía",""
80,644,"01.10.2003","Fuentes jurídicas en el derecho de la India antigüa","Centro de Estudios de Asia y África","","Barragán Quintero, Fernando","",nan,"Maestro en Estudios de Asia y África","","Derecho",""
81,1607,"01.10.2009","Tendencias del desarrollo regional en el nuevo entorno económico de México: un análisis por entidades federativas","Centro de Estudios Demográficos, Urbanos y Ambientales","","Maldonado Montoya, Víctor Manuel","",nan,"Maestro en Demografía","","Desarrollo de la comunidad",""
82,1200,"01.10.2004","Instituciones políticas, competencia electoral y desempeño de gobierno: Un estudio comparado de 152 municipios urbanos de México","Centro de Estudios Internacionales","","Ibarra del Cueto, Juan Fernando","","spa","Licenciado en Administración Pública","","Elecciones locales",""
83,1846,"01.10.2009","Revolución heterodoxa: las políticas de crédito agrícola en la reconstrucción del financiamiento y de la banca en México, 1905-1936","Centro de Estudios Históricos","","Méndez Reyes, Jesús","",nan,"Doctor en Historia","","Banco Nacional de Crédito Agrícola (México)",""
84,641,"01.10.2004","Tipología y función de las autoridades en los Proverbios de Séneca de Pero Díaz de Toledo en la tradición de los manuales para la formación del principe","Centro de Estudios Lingüísticos y Literarios","","Godinas, Laurette","",nan,"Doctor en Literatura Hispánica","","Díaz de Toledo, Pero",""
85,1122,"01.10.2005","Imaginarios ambiguos, realidades contradictorias: conductas y representaciones de los negros y mulatos novohispanos, siglos XVI-XVII","Centro de Estudios Históricos","","Camba Ludlow, Úrsula","",nan,"Doctor en Historia","","Mulatos",""
86,665,"01.10.2004","Análisis de la volatilidad del mercado financiero a partir de la entrada de los futuros ; asesor: Eneas Caldiño García","Centro de Estudios Económicos","","Mercado Solórzano, Patricia","",nan,"Maestro en Economía","","Mercado de capitales",""
87,1191,"01.10.2005","Espacios divididos: naciones, fronteras, política, ciudadanos","Centro de Estudios de Asia y África","","Carballido Coria, Laura","",nan,"Doctor en Estudios de Asia y África","","Ciudadanía",""
88,1825,"01.10.2009","Un análisis de la demanda de la industria de telecomunicaciones en México: servicio móvil","Centro de Estudios Económicos","","Salazar Altamirano, Saide Aranzazú","",nan,"Maestro en Economía","","Telecomunicaciones",""
89,750,"01.10.2002","Hogares dependientes de transferencias ante una crisis económica: caracterización a partir de las encuestas de ingreso gasto, 1994-1996","Centro de Estudios Demográficos y de Desarrollo Urbano","","Banegas González, Israel Manuel","",nan,"Maestro en Demografía","","Crisis económicas",""
90,1146,"01.10.2004","Determinantes de las decisiones de antidumping en México, 1987-2000","Centro de Estudios Económicos","","Solis García, Mario Alberto","",nan,"Maestro en Economía","","Dumping (Comercio internacional)",""
91,643,"01.10.2004","Un modelo de optimización: concepción, diseño e implementación","Centro de Estudios Demográficos y de Desarrollo Urbano","","Ochoa Torres, Miguel","",nan,"Maestro en Estadística","","Automóviles",""
92,1127,"01.10.2004","Ríos internacionales entre México y Estados Unidos: los tratados de 1906 y 1944","Centro de Estudios Históricos","","Samaniego, Marco Antonio","",nan,"Doctor en Historia","","México",""
93,615,"01.10.2004","Abuelas, madres, nietas: trayectorias y transiciones en el ciclo de vida de las mujeres y la familia","Centro de Estudios Sociológicos","","Caballero García, Marta","",nan,"Doctor en Ciencia Social","","Familia",""
94,627,"01.10.2003","Tenencia de la tierra en ejidos de la periferia urbana de la ciudad de México: una aproximación desde la perspectiva de género","Centro de Estudios Demográficos y de Desarrollo Urbano","","Caño Secade, María del Carmen","","spa","Maestro en Estudios Urbanos","","Asentamientos humanos",""
95,1115,"01.10.2005","La descentralización del gasto social en México: el caso del Fondo de Aportaciones para la Infraestructura Social Municipal","Centro de Estudios Internacionales","","Barceinas Jiménez, César Marcelo","",nan,"Licenciado en Administración Pública","","Fondo de Aportaciones para la Infraestructura Social Municipal (México)",""
96,1605,"01.10.2009","Los investigadores reconocidos por el sistema nacional de investigación en bibliotecología hasta 2008: un análisis de redes sociales","Biblioteca Daniel Cosío Villegas","","Martínez Guerrero, Rosalba Marisol","",nan,"Maestro en Bibliotecología","","Biblioteconomía",""
97,1877,"01.10.2009","El aprovechamiento de los yacimientos transfronterizos de hidrocarburos: diplomacia mexicana, derecho internacional y economía política del petróleo","Centro de Estudios Internacionales","","Valenzuela Robles Linares, José María","",nan,"Licenciado en Relaciones Internacionales","","Hidrocarburos",""
98,610,"01.10.2004","El fin de la tiranía: del mito a la historia en La Fiesta del Chivo, de Mario Vargas Llosa","Centro de Estudios Lingüísticos y Literarios","","Macías Rodríguez, María Claudia","",nan,"Doctor en Literatura Hispánica","","Vargas Llosa, Mario",""
99,631,"01.10.2003","Masculinidad y representaciones del sexo entre hombres en Japón","Centro de Estudios de Asia y Africa","","Escalante Sandoval, Miguel Fernando","",nan,"Maestro en Estudios de Asia y África","","Homosexualidad",""
100,1187,"01.10.2005","La agenda de género del PRD en la Asamblea Legislativa del Distrito Federal: I y II legislaturas 1997-2000, 2000-2003","Centro de Estudios Sociológicos","","Cárdenas Acosta, Georgina","",nan,"Maestro en Estudios de Género","","Partido de la Revolución Democrática (México)",""
101,1679,"01.10.2009","Traducción comentada de The Tragicall Historie of Doctor Faustus (Texto A) de Christopher Marlowe","Centro de Estudios Lingüísticos y Literarios","","Trigueros Ordiales, Sabina","",nan,"Maestro en Traducción","","Marlowe, Christopher",""
102,1153,"01.10.2004","El pensamiento nacionalista filipino a finales del siglo XIX","Centro de Estudios de Asia y África","","Sánchez Calderón, Cristina","",nan,"Maestro en Estudios de Asia y Africa","","Nacionalismo",""
103,1185,"01.10.2004","Evaluación del estado de salud como una dimensión del bienestar de la población mexicana con 50 años y más, y análisis de sus factores asociados","Centro de Estudios Demográficos y de Desarrollo Urbano","","Hebrero Martínez, Mirna","",nan,"Maestro en Demografía","","Salud pública",""
104,766,"01.10.2003","El proceso migratorio en la Corea colonial","Centro de Estudios de Asia y África","","López Rocha, Nayelli","",nan,"Maestro en Estudios de Asia y África","","Corea",""
105,1888,"01.10.2009","Para ser bella, hay que ver estrellas-: cuerpo, género y construcción de un estilo de vida Fitness en un gimnasio de la Ciudad de México","Centro de Estudios Sociológicos","","Zarco Iturbe, Abril Violeta","",nan,"Maestro en Estudios de Género","","Belleza personal",""
106,629,"01.10.2003","Parques y jardines públicos de la Ciudad de México, 1881-1911","Centro de Estudios Históricos","","Pérez Bertruy, Ramona Isabel","",nan,"Doctor en Historia","","Bosques",""
107,638,"01.10.2004","Distribución del conocimiento escolar: clases sociales, escuelas y sistema educativo en América Latina","Centro de Estudios Sociológicos","","Fernández Aguerre, Tabaré","",nan,"Doctor en Ciencia Social","","Educación elemental",""
108,656,"01.10.2004","La formación de una esfera pública transnacional: un estudio del déficit democrático en la Unión Europea","Centro de Estudios Internacionales","","León Vargas, José Carlos","",nan,"Licenciado en Relaciones Internacionales","","Unión Europea",""
109,664,"01.10.2003","La fiscalización superior en México: una aproximación al desarrollo reciente del control externo federal","Centro de Estudios Internacionales","","Arteaga Cano, Issac Armando","",nan,"Licenciado en Administración Pública","","Distribución del ingreso",""
110,697,"01.10.2003","El proceso de toma de decisiones en Estados Unidos: la intervención en Somalia","Centro de Estudios Internacionales","","Escutia Rodríguez, Julián","",nan,"Licenciado en Relaciones Internacionales","","Estados Unidos",""
111,1813,"01.10.2009","Liderazgo ideológico, organismos internacionales y opciones de política económica en América Latina: las ideas de la CEPAL, el FMI y el BM en la formulación de las políticas económicas de los gobiernos latinoamericanos durante las décadas posteriores a la Segunda Guerra Mundial","Centro de Estudios Internacionales","","Reyes Guerra, José Alejandro","",nan,"Licenciado en Relaciones Internacionales","","Banco Mundial",""
112,1152,"01.10.2004","La administración federal en el fomento y la difusión de la cultura y las artes: el cambio en la política cultural mexicana","Centro de Estudios Internacionales","","Álvarez Flores, Víctor Manuel","",nan,"Licenciado en Administración Pública","","Administración pública",""
113,1884,"01.10.2009","Intermediarios políticos en regiones caciquiles: los casos de San Juan Jaltepec y La Trinidad, Oaxaca","Centro de Estudios Internacionales","","Ramírez Camacho, Daniela","",nan,"Maestro en Ciencia Política","","Partidos políticos",""
114,687,"01.10.2003","El modelo Serrana: libro de buen amor, romancero, leyenda y teatro del siglo de oro","Centro de Estudios Lingüísticos y literarios","","Cuéllar Escamilla, Donají","",nan,"Doctor en Literatura Hispánica","","Ruiz, Juan",""
115,1891,"01.10.2009","En busca del voto del miedo: la construcción mediática de López Obrador como un peligro para México en la campaña de 2006","Centro de Estudios Internacionales","","Rudy Hiller, Fernando Efraín","",nan,"Maestro en Ciencia Política","","López Obrador, Andrés Manuel",""
116,1882,"01.10.2009","Crecimiento económico y desigualdad de ingresos en México","Centro de Estudios Económicos","","Munguía Corella, Luis Felipe","",nan,"Maestro en Economía","","Desarrollo económico",""
117,1853,"01.10.2009","Los motines de noviembre 2005 en los suburbios parisinos: vida asociativa, capital social y violencia","Centro de Estudios Internacionales","","Velázquez de la Madrid, José Antonio","",nan,"Licenciado en Relaciones Internacionales","","Motines",""
118,1887,"01.10.2009","Esencia y origen del presidencialismo: una interpretación a partir del régimen presidencial en Estados Unidos","Centro de Estudios Internacionales","","Pola Prendes, Andrés Rolando","",nan,"Maestro en Ciencia Política","","Ciencia política",""
119,1108,"01.10.2004","Los desafíos del movimiento mapuche: política étnica, redes y proyecto alternativo, 1967-1995","Centro de Estudios Sociológicos","","Martínez Neira, Christian Gabriel","",nan,"Doctor en Ciencias Sociales mención Sociología","","Indios de Chile",""
120,1169,"01.10.2005","Una prueba del CAPM condicional para México con técnicas no-paramétricas","Centro de Estudios Económicos","","Castillo Spíndola, Jorge Humberto del","",nan,"Maestro en Economía","","Análisis de inversiones",""
121,784,"01.10.2003","Grupos de poder, legitimidad y representación política, Sonora 1770-1911","Centro de Estudios Históricos","","Romero, Saúl Jerónimo","",nan,"Doctor en Historia","","Gobierno representativo",""
122,785,"01.10.2003","El avance del proceso reunificatorio en la península coreana","Centro de Estudios de Asia y Africa","","Sánchez Gallegos, Víctor Edgar","",nan,"Maestro en estudios de Asia y Africa","","Corea",""
123,1178,"01.10.2004","Condiciones sociales y de salud en la infancia que afectan el estado de salud de los adultos mayores en México","Centro de Estudios Demográficos y de Desarrollo Urbano","","Ruiz Pantoja, Teresita Elisa","",nan,"Maestro en Demografía","","Calidad de vida",""
124,1250,"01.10.2003","La industria petrolera en México: expresión demográfica económica y social","Centro de Estudios Demográficos y de Desarrollo Urbano","","Chávez Zepeda, Rodolfo Daniel","",nan,"Maestro en Estudios Urbanos","","Marginación social",""
125,1811,"01.10.2009","Las relaciones de los poderes legislativo y ejecutivo en México, 1997-2006: el debate de las reformas estructurales","Centro de Estudios Internacionales","","López Corona, Paloma Tatiana","",nan,"Maestro en Ciencia Política","","Poder ejecutivo",""
126,1614,"01.10.2009","La presencia de la República Popular China en Sudán y sus implicaciones en el conflicto en Darfur","Centro de Estudios de Asia y Africa","","Navarro García, Abraham","",nan,"Maestro en Estudios de Asia y Africa","","China",""
127,605,"01.10.2004","Inflación y crecimiento económico en México: una relación no lineal","Centro de Estudios Económicos","","Acevedo Fernández, Ernesto","",nan,"Maestro en Economía","","Desarrollo económico",""
128,606,"01.10.2003","Los dilemas del crecimiento: El Partido Acción Nacional y sus fracciones frente a la vida política mexicana","Centro de Estudios Sociológicos","","Reynoso Angulo, Víctor Manuel","","spa","Doctor en Ciencias Sociales","","Partido Acción Nacional (México)",""
129,1873,"01.10.2009","De remedios y enfermedades: azares y vicisitudes del cambio internacional : estudio de los efectos del concilio Vaticano II en la Doócesis de Cuernavaca","Centro de Estudios Internacionales","","Nava Navarrete, Luis Humberto","",nan,"Licenciado en Relaciones Internacionales","","Concilio Vaticano",""
130,646,"01.10.2003","La oralidad escrita en José Trigo, de Fernando del Paso: memoria y poesía","Centro de Estudios Lingüísticos y Literarios","","Álvarez Lobato, Carmen","","spa","Doctor en Literatura Hispánica","","Paso, Fernando del",""
131,1657,"01.10.2009","Presión por parte de pares","Centro de Estudios Económicos","","Vite Tiscareño, Ivonne","",nan,"Maestro en Economía","","Juegos, Teoría de los",""
132,612,"01.10.2003","Hacia una estética del horror en romances violentos: de la fábula bíblica en romances tradicionales al suceso en pliegos de cordel","Centro de Estudios Lingüísticos y Literarios","","Bazán Bonfil, Rodrigo","","spa","Doctor en Literatura Hispánica","","Horror en la literatura",""
133,640,"01.10.2004","La gestión hidraúlica de la delegación Iztapalapa: en la distribución desigual del recurso","Centro de Estudios Demográficos y de Desarrollo Urbano","","Landaverde Vásquez, Mónica María","",nan,"Maestro en Estudios Urbanos","","Agua",""
134,1150,"01.10.2004","Servicios de agua potable y drenaje en asentamientos irregulares de la Cd. de México: tres casos de estudio en suelo de conservación","Centro de Estudios Demográficos y de Desarrollo Urbano","","Cruz Almaraz, Blanca Ivonne de la","",nan,"Maestro en Estudios Urbanos","","Agua",""
135,1869,"01.10.2009","Ser padres solteros en la ciudad de México y el área metropolitana","Centro de Estudios Sociológicos","","Mena Méndez, Paulina","",nan,"Maestro en Estudios de Género","","Padres e hijos",""
136,1700,"01.10.2009","Violencia conyugal, representaciones de género y procuración de justicia en el Municipio de Santa Catarina Juquila, Oaxaca","Centro de Estudios Sociológicos","","Saavedra Hernández, Laura Edith","",nan,"Maestro en Estudios de Género","","Administración de justicia",""
137,698,"01.10.2003","La comunidad de desarrollo para África Austral (SADC) frente al problema de la inseguridad alimentaria: el caso de Zimbabwe","Centro de Estudios de Asia y África","","Berumen Colín, Noemi Paulina","",nan,"Maestro en Estudios de Asia y África","","Comunidad de Desarrollo para Africa Austral",""
138,1874,"01.10.2009","Estudio de la conducta informativa de un grupo de doctorantes en El Colegio de México","Biblioteca Daniel Cosío Villegas","","Mar González, Ana Laura","",nan,"Maestro en Bibliotecología","","El Colegio de México",""
139,1857,"01.10.2009","La política exterior de la alternancia: México y América Latina entre 1988 y 2006","Centro de Estudios Internacionales","","Zúñiga Alaniz, Nuria Paulina","",nan,"Maestro en Ciencia Política","","América Latina",""
140,645,"01.10.2003","Las razones de la sinrazón: una explicación de política interna de la intervención francesa en México","Centro de Estudios Internacionales","","Pablo Hammeken, Luis de","",nan,"Licenciado en Relaciones Internacionales","","Francia",""
141,1123,"01.10.2004","Protesta y reforma: la contribución de los movimientos sociales al cambio democrático: los movimientos cívicos, los ciclos de protesta y reforma política de 1977 en México","Centro de Estudios Sociológicos","","Estrada Castañón, Alba Teresita","",nan,"Doctor en Ciencias Sociales","","Democracia",""
142,692,"01.10.2003","El sector terciario formal en las zonas metropolitanas de Veracruz, 1980-1998 ; director, Gustavo Garza ; lector, Luis Jaime Sobrino","Centro de Estudios Demográficos y de Desarrollo Urbano","","Vera Gamboa, Sara","",nan,"Maestro en Estudios Urbanos","","Servicios (Sector terciario)",""
143,709,"01.10.2002","Estudio de los diferentes patrones de localización de las maquiladoras en México, mediante el análisis de los esquemas de organización del producto: revisión teórica","Centro de Estudios Demográficos y de Desarrollo Urbano","","Barrientos Barba, Bertha Mercedes","",nan,"Maestro en Estudios Urbanos","","Localización industrial",""
144,696,"01.10.2003","Un juego con espejos que se desplazan: un análisis de los monólogos dramáticos de Jorge Luis Borges","Centro de Estudios Lingüisticos y Literarios","","Linares González, Gabriel Enrique","",nan,"Doctor en Literatura Hispánica","","Borges, José Luis",""
145,1839,"01.10.2009","Tiempo histórico e historiografía en el pensamiento filosófico de José Gaos","Centro de Estudios Históricos","","Torres Rojo, Luis Arturo","",nan,"Doctor en Historia","","Gaos, José",""
146,1181,"01.10.2004","Diferencial por sexo de la esperanza de vida y de la mortalidad por causas 1980-2000","Centro de Estudios Demográficos y de Desarrollo Urbano","","Rodríguez Loredo, Hilda Eugenia","",nan,"Maestro en Demografía","","Expectativa vital",""
147,1642,"01.10.2009","El grupo editorial La Correa feminista y su relación con el movimiento feminista autónomo latinoamericano","Centro de Estudios Sociológicos","","Rivera López, Karen Esmeralda","",nan,"Maestro en Estudios de Género","","La Correa feminista",""
148,1161,"01.10.2004","La arquitectura del estado mexicano: formas de gobierno, representación política y ciudadanía, 1821-1857","Centro de Estudios Históricos","","Arroyo García, Israel","",nan,"Doctor en Historia","","Gobierno comparado",""
149,1841,"01.10.2009","Mercados de matching: el caso particular de las parejas en busca de un nuevo algoritmo","Centro de Estudios Económicos","","Rodríguez Carrasco, Francisco J","",nan,"Maestro en Economía","","Mercado de trabajo",""
150,666,"01.10.2003","Evidencia empírica de la paridad de interés descubierta en México y su uso como pronóstico del tipo de cambio","Centro de Estudios Económicos","","Mares Paris, Daddhiat Asbel Itzame","",nan,"Maestro en Economía","","Cambio exterior",""
151,633,"01.10.2003","La prensa liberal y la conservadora en Estados Unidos ante las elecciones federales de 1988 en México: las tensiones entre valores, discurso e intereses en la política exterior norteamericana","Centro de Estudios Internacionales","","Meyer Falcón, Lorenzo Mauricio","",nan,"Licenciado en Relaciones Internacionales","","Elecciones",""
152,2085,"01.10.2010","Estimación del impacto de las condiciones de salud y nutrición durante los primeros años de vida sobre el desarrollo cognitivo","Centro de Estudios Económicos","","Morales Porchini, Javier","",nan,"Maestro en Economía","","Oportunidades (Programa social)",""
153,611,"01.10.2004","El papel de la escritura alfabética en la construcción del dato oral","Centro de Estudios Lingüísticos y Literarios","","Zamudio Mesa, Celia María","",nan,"Doctor en Lingüística","","Escritura",""
154,786,"01.10.2002","Características del empleo en Chiapas, 2000: desigualdades entre población indígena y no indígena","Centro de Estudios Demográficos y de Desarrollo Urbano","","Aguilar Montes de Oca, Rosa Isela","",nan,"Maestro en Demografía","","Empleo",""
155,670,"01.10.2003","El problema del hambre en Sudán","Centro de Estudios de Asia y Africa","","Escobar Cristiani, Adela Beatriz","",nan,"Maestro en Estudios de Asia y Africa","","Asistencia humanitaria",""
156,1810,"01.10.2009","La traducción de Calila y Dimna al castellano medieval: adecuaciones temáticas e ideológicas de un texto árabe al contexto cristiano del siglo XIII","Centro de Estudios de Asia y Africa","","Vargas Posada, Ricardo","",nan,"Maestro en Estudios de Asia y Africa","","Fábulas de Bidpai",""
157,639,"01.10.2003","El espíritu vengativo de la dama de Rokujo en el Genji monogatari de Murasaki Shikibu","Centro de Estudios de Asia y África","","Bucio García, Jackeline","",nan,"Maestro en Estudios de Asia y África","","Shikibu, Murasaki",""
158,602,"01.10.2004","La estructura del desengaño en la noche oscura del niño Avilés de Edgardo Rodríguez Juliá","Centro de Estudios Lingüísticos y Literarios","","Morales Faedo, Mayuli","",nan,"Doctor en Literatura Hispánica","","Rodríguez Juliá, Edgardo",""
159,637,"01.10.2004","El olvido de la Patria Espiritual: cambio en la posición internacional del PAN en la década de 1980","Centro de Estudios Internacionales","","Calderón Góngora, Gisela","",nan,"Licenciado en Relaciones Internacionales","","Partido Acción Nacional, México",""
160,1175,"01.10.2004","Un estudio comparativo del sector informal entre las zonas más y menos urbanizadas de México, 1991-2001","Centro de Estudios Demográficos y de Desarrollo Urbano","","Mexicano Melgar, Cristina","",nan,"Maestro en Demografía","","Sector informal (Economía)",""
161,604,"01.10.2003","El papel de la mujer en la historia social del Egipto antiguo","Centro de Estudios de Asia y Africa","","Castañeda Reyes, José Carlos","",nan,"Doctor en Estudios de Asia y Africa","","Mujeres",""
162,1821,"01.10.2009","Tres fraudes electorales en México vistos por Estados Unidos: las elecciones presidenciales de 1929, 1940 y 1952","Centro de Estudios Internacionales","","Romero Palacios Gutiérrez, Carlos José","",nan,"Licenciado en Relaciones Internacionales","","Elecciones",""
163,662,"01.10.2004","La participación de México en la OCDE","Centro de Estudios Internacionales","","Zomosa Signoret, Andrea Cristianne Guadalupe","",nan,"Licenciado en Relaciones Internacionales","","Organización de Cooperación y Desarrollo Económicos",""
164,689,"01.10.2003","Ausencia de una política de transporte en la zona metropolitana del valle de México","Centro de Estudios Demográficos y de Desarrollo Urbano","","Blancas Ramírez, Silvia","",nan,"Maestro en Desarrollo Urbano","","Política de tranporte",""
165,694,"01.10.2004","Distribución del ingreso y educación en México: una aplicación de regresión cuantil","Centro de Estudios Económicos","","Arceo Gómez, Eva Olimpia","",nan,"Maestro en Economía","","Educación",""
166,655,"01.10.2003","El proceso de incorporación del municipio de Chimalhuacán a la zona metropolitana de la Ciudad de México","Centro de Estudios Demográficos y de Desarrollo Urbano","","Ponce Sernicharo, Gabriela","",nan,"Maestro en Demografía","","Ciudades y pueblos",""
167,1188,"01.10.2004","La política de Japón sobre la cuestión de Iraq en el Consejo de Seguridad de Naciones Unidas de 1990 a 1998","Centro de Estudios de Asia y Africa","","Sosa Márquez, María de Lourdes Salomé","",nan,"Maestro en Estudios de Asia Africa:","","Naciones Unidas",""
168,684,"01.10.2003","Carl Schmitt y el problema de le excepción en el pensamiento liberal","Centro de Estudios Internacionales","","Bravo Regidor, Carlos","",nan,"Licenciado en Relaciones Internacionales","","Schmitt, Carl",""
169,663,"01.10.2004","Es siempre un yo el que dice nosotros: el nacionalismo como instrumento político o los usos de una idea","Centro de Estudios Internacionales","","Hoyo Prohuber, Henio Pablo Luis","",nan,"Licenciado en Relaciones Internacionales","","Nacionalismo",""
170,1205,"01.10.2006","Migración estacional y autonomía política: un análisis de la base de sustentación de los conflictos entre el estado urbano y las organizaciones tribales en el Reino de Mari, siglos XIX y XVIII a. C.","Centro de Estudios de Asia y Africa","","Barreyra, Diego Augusto","",nan,"Maestro en Estudios de Asia y África","","Mari (Ciudad extinta)",""
171,1683,"01.10.2009","Estructura y dinámica del sistema urbano de Perú, 1961-2005","Centro de Estudios Demográficos, Urbanos y Ambientales","","Mamani Machaca, Héctor Mario","",nan,"Doctor en Estudios Urbanos y Ambientales","","Urbanismo",""
172,1878,"01.10.2009","Los flujos de información en la administración del conocimiento: diagnóstico en una organización de servicios de consultoría en tecnologías de información","Biblioteca Daniel Cosío Villegas","","Martínez Musiño, Celso","",nan,"Maestro en Bibliotecología","","Administración del conocimiento",""
173,647,"01.10.2003","Las negociaciones del maíz en el Tratado de Libre Comercio de América del Norte","Centro de Estudios Internacionales","","Lasala Blanco, Narayani","",nan,"Licenciado en Relaciones Internacionales","","Maíz",""
174,635,"01.10.2004","Estados, empresas y regiones en la globalización","Centro de Estudios Internacionales","","López-Aranda Trewartha, Jaime","",nan,"Licenciado en Relaciones Internacionales","","Competencia económica internacional",""
175,1110,"01.10.2004","Gestión municipal y participación ciudadana: el caso de Cordoba, Veracruz, 1994-2004","Centro de Estudios Demográficos y de Desarrollo Urbano","","Rodríguez Villafuerte, Beatriz Eugenia","",nan,"Maestro en Desarrollo Urbano","","Administración pública",""
176,1148,"01.10.2004","Mabepari wa venisi: traducción en un contexto (post)colonial","Centro de Estudios de Asia y África","","Aroch Fugellie, Paulina","",nan,"Maestro en Estudios de Asia y Africa","","Traducción e interpretación",""
177,672,"01.10.2004","Migración y empleo en ciudades de promoción turística y portuaria","Centro de Estudios Demográficos y de Desarrollo Urbano","","Reyna Bernal, Angélica Elizabeth","",nan,"Doctor en Ciencias Sociales","","Migraciones internas",""
178,262,"01.10.2004","Recuperación de los nacimientos ocurridos y registrados durante 1950-2000 en México, su importancia y sus implicaciones",nan,"","Galindo López, Carlos Alberto","",nan,nan,"",nan,""
179,679,"01.10.2004","El proceso de toma de decisiones de las políticas de energía nuclear en Japón: entre las élites y la sociedad","Centro de Estudios de Asia y Africa","","Mendoza Martínez, Emma","",nan,"Doctor en Estudios de Asia y Africa","","Energía nuclear",""
180,677,"01.10.2004","Infraestructura y costos industriales manufactureros en México: alguna evidencia empíria sobre rendimientos decrecientes en la región capital 1988-1998","Centro de Estudios Demográficos y de Desarrollo Urbano","","Castillo Ramírez, Bruno Estebán","",nan,"Maestro en Estudios Urbanos","","Economía política urbana",""
181,674,"01.10.2004","Cambios internacionales, cambios en México: la presencia de observadores electorales internacionales en los comicios mexicanos de 1994","Centro de Estudios Internacionales","","Gutiérrez Hernández, Miguel Augusto","",nan,"Licenciado en Relaciones Internacionales","","Elecciones",""
182,1814,"01.10.2009","Relación entre la estructura social y la producción de vivienda en la región Caribe Norte de Quintana Roo","Centro de Estudios Demográficos, Urbanos y Ambientales","","Tun Chim, Javier","",nan,"Maestro en Estudios Urbanos","","Bienes raíces",""
183,1866,"01.10.2009","Métodos para medir el daño a la industria nacional por prácticas desleales","Centro de Estudios Económicos","","Guerrero Mora, Rosa Martha","",nan,"Maestro en Economía","","Dumping (Comercio internacional)",""
184,682,"01.10.2003","La construcción discursiva de los participantes: análisis de los anales del Primer Congreso Feminista de Yucatán, 1916","Centro de Estudios Lingüísticos y Literarios","","Pérez, Sara Isabel","",nan,"Doctor en Lingüística","",nan,""
185,1809,"01.10.2009","China y su política de inversión extranjera directa: el caso de las inversiones de Hong Kong, 1978-2004","Centro de Estudios Internacionales","","Velasco Delgado, Arturo","",nan,"Licenciado en Relaciones Internacionales","","Inversiones extranjeras",""
186,1632,"01.10.2009","Modelo económico con narcotráfico","Centro de Estudios Económicos","","Sánchez Buelna, Pablo Javier","",nan,"Maestro en Economía","","Control de drogas y narcóticos",""
187,1602,"01.10.2009","La relevancia de la participación infantil en la economía de México, 1991-2004","Centro de Estudios Sociológicos","","Pérez-García, María Jesús","",nan,"Doctor en Ciencia Social","","Trabajo infantil",""
188,619,"01.10.2003","La participación de la mujer en el mercado laboral de Corea del Sur: 1960-1997","Centro de Estudios de Asia y Africa","","Castañeda Aguilar, Erica","",nan,"Maestro en Estudios de Asia y Africa","","Mujeres",""
189,693,"01.10.2004","Cofradías, minería y estratificación social: Zacatecas y Ouro Preto en la segunda mitad del siglo XVIII","Centro de Estudios Históricos","","Mancuso, Lara","",nan,"Doctor en Historia","","Cofradías (América Latina)",""
190,652,"01.10.2003","Apa yang terjadi?: Los comunistas, Gestapu y el fin del régimen de Sukarno en Indonesia","Centro de Estudios de Asia y Africa","","Hernández Sánchez, Fernando Octavio","",nan,"Maestro en Estudios de Asia y Africa","","Indonesia",""
191,685,"01.10.2004","Las transformaciones del empresariado chileno: empresarios y desarrollo","Centro de Estudios Sociológicos","","Núñez Arancibia, Rodrigo","",nan,"Doctor en Ciencia Social","","Competencia económica internacional",""
192,649,"01.10.2003","Situaciones de pobreza en México: la relación entre el nivel de vida y el nivel de recursos de los hogares","Centro de Estudios Sociológicos","","Escotto Quesada, Teresita","",nan,"Doctor en Ciencia Social","","Costo y estándard de vida",""
193,1423,"01.10.2010","La participación electoral de los migrantes mexicanos, residentes en la zona metropolitana de Los Ángeles, en las elecciones presidenciales del 2006: una práctica transnacional desde la asimilación como eje de análisis","Centro de Estudios Demográficos, Urbanos y Ambientales","","Cheng Oviedo, Elisa Marcela","",nan,"Maestro en Demografía","","Elecciones",""
194,654,"01.10.2003","De cómo las ONG de derechos humanos redefinieron la soberanía del Estado mexicano durante su transición democrática, 1980-2000","Centro de Estudios Internacionales","","Treviño Rangel, Javier","",nan,"Licenciado en Relaciones Internacionales","","Derechos humanos",""
195,1114,"01.10.2005","La asignación de los recursos del PROCAMPO bajo un esquema de mayor eficiencia al menor costo","Centro de Estudios Económicos","","Acosta Peña, Brasil Alberto","",nan,"Maestro en Economía","","PROCAMPO (Programa : México)",""
196,1685,"01.10.2009","La nación india: sus imaginarios de representación visual","Centro de Estudios de Asia y África","","Morejón Sotolongo, Noeli","",nan,"Maestro en Estudios de Asia y África","","Comunicación",""
197,678,"01.10.2003","Determinantes del ahorro interno: la experiencia de México y la evidencia internacional","Centro de Estudios Económicos","","Rivas Valdivia, Juan Carlos","",nan,"Maestro en Economía","","Ahorro e inversión",""
198,1119,"01.10.2004","Pasados repasados: esclavitud, nación y destino en el imaginario histórico poscolonial de Africa Occidental (Dahomey)","Centro de Estudios de Asia y Africa","","Rufer, Mario","",nan,"Maestro en Estudios de Asia y Africa","","Esclavitud",""
199,1109,"01.10.2004","Estimación e implicaciones sociodemográficas del concepto de migración de reemplazo en Portugal","Centro de Estudios Demográficos y de Desarrollo Urbano","","Nogueira Leite, Paula Cristina Neves","",nan,"Maestro en Demografía","","Demografía",""
200,1125,"01.10.2004","De la administración pública considerada como una ciencia social y su historia","Centro de Estudios Internacionales","","Maldonado Hernández, Gerardo de Jesús","",nan,"Licenciado en Administración Pública","","Administración pública",""
201,1822,"01.10.2009","Los pelotones de la muerte: la construcción de los perpetradores del genocidio guatemalteco","Centro de Estudios Sociológicos","","Vela Castañeda, Manolo Estuardo","",nan,"Doctor en Ciencia Social","","Guatemala",""
202,1858,"01.10.2009","Estado y auges petroleros: el caso de México","Centro de Estudios Internacionales","","Rabasa Kovacs, Tania","",nan,"Maestro en Ciencia Política","","Participación en los ingresos fiscales",""
203,1666,"01.10.2009","Género y construcción diferenciada de subjetividades en el Movimiento Juvenil Católico Amigos en Cristo","Centro de Estudios Sociológicos","","Valdés Figueroa, Jimena","",nan,"Maestro en Estudios de Género","","Católicos",""
204,764,"01.10.2002","La estrategía de acomodación jesuita y el primer texto anticristiano escrito por un monje budista a finales de la dinastía Ming, 1582-1644",nan,"","Alcalde Méndez, Alejandro","",nan,nan,"",nan,""
205,529,"01.10.2009","El concepto de instante en la filosofía de Sören Kierkegaard","Centro de Estudios Internacionales","","Schwarzbeck Aguirre, Humberto Miguel","",nan,"Licenciado en Relaciones Internacionales","","Kierkegaard, Søren",""
206,657,"01.10.2003","Literatura de resistencia de las mujeres ainu","Centro de Estudios de Asia y África","","Muñoz González, Yolanda","",nan,"Doctor en Estudios de Asia y África","","Literatura ainu",""
207,1636,"01.10.2009","Bodhisattva Guanyin: estudio sobre cómo conciben las devotas su encuentro con la imagen de Guanyin","Centro de Estudios de Asia y África","","Ríos Peñafiel, María Elvira","",nan,"Maestro en Estudios de Asia y África","","Guanyin",""
208,653,"01.10.2004","Comercio ambulante en el centro histórico de la Ciudad de México, D.F.: la situación laboral y económica de sus integrantes","Centro de Estudios Demográficos y de Desarrollo Urbano","","Carreño Huicochea, Mariel","",nan,"Maestro en Estudios Urbanos","","Comerciantes ambulantes",""
209,1143,"01.10.2004","Mortalidad por causas en el estado de Oaxaca y su comparación con el nivel nacional: 1990-2010","Centro de Estudios Demográficos y de Desarrollo Urbano","","Villalobos Hernández, Aremis Litaí","",nan,"Maestro en Demografía","","Mortalidad",""
210,701,"01.10.2002","Analogías formales entre la antigua lírica popular y el romancero tradicional","Centro de Estudios Lingüísticos y Literarios","","Altamirano, Magdalena","",nan,"Doctor en Literatura Hispánica","","Poesía española",""
211,1184,"01.10.2004","El sector informal en el estado de México: tendencias y factores asociados, 1996-2002","Centro de Estudios Demográficos y de Desarrollo Urbano","","Espinosa García, Nohemi","",nan,"Maestro en Demografía","","Población económicamente activa",""
212,780,"01.10.2003","El descenso de la mortalidad en México y su impacto sobre las poblaciones casaderas","Centro de Estudios Demográficos y de Desarrollo Urbano","","Hernández Ramírez, Luis","",nan,"Doctor en Estudios de Población","","Fecundidad humana",""
213,621,"01.10.2003","Golpe de timón en la nave de la iglesia: ascenso, auge y declive del obispo Samuel Ruiz","Centro de Estudios Internacionales","","Arriagada Cuadriello, Mario","",nan,"Licenciado en Relaciones Internacionales","","Ruiz, Samuel",""
214,1629,"01.10.2009","El cuerpo del rey: variaciones en la representación del cuerpo del monarca en el Mahãbhãrata","Centro de Estudios de Asia y África","","Pacheco Martínez, Edgar René","",nan,"Maestro en Estudios de Asia y África","","Mahãbhãrata",""
215,624,"01.10.2004","Los asentamientos irregulares en el suelo de conservación del Distrito Federal: análisis de dos casos para diferentes estratos sociales","Centro de Estudios Demográficos y de Desarrollo Urbano","","Bautista Vergara, Jessica Karina","",nan,"Maestro en Estudios Urbanos","","Asentamientos humanos",""
216,1845,"01.10.2009","Estructura económica y competitividad Metropolitana en Bolivia","Centro de Estudios Demográficos, Urbanos y Ambientales","","Manzano Anzaldo, Nelson Tito","",nan,"Doctor en Estudios Urbanos y Ambientales","","Economía urbana",""
217,667,"01.10.2003","El nacionalismo en Puerto Rico: fracasos y adaptación exitosa","Centro de Estudios Internacionales","","Zepeda Cortés, María Bárbara","",nan,"Licenciado en Relaciones Internacionales","","Nacionalismo",""
218,1876,"01.10.2009","La caracterización del personaje del pastor a la luz de cuatro novelas pastoriles hispánicas","Centro de Estudios Lingüísticos y Literarios","","Rodríguez, Adriana Azucena","",nan,"Doctor en Literatura Hispánica","","Caracteres y características en la literatura española",""
219,608,"01.10.2004","Pobreza urbana: bases para una crítica al Programa Oportunidades","Centro de Estudios Demográficos y de Desarrollo Urbano","","Morita, Tomoko","",nan,"Maestro en Estudios Urbanos","","Pobres urbanos",""
220,1168,"01.10.2004","Un universo no-fragmentado: el concepto del spanda en la filosofía de Abhinavagupta","Centro de Estudios de Asía y África","","Martínez Ruiz, Xicoténcatl Octavio","",nan,"Maestro en Estudios de Asia y Africa.","","Abhinavagupta, Rajanaka",""
221,1160,"01.10.2004","Literatura islámica de viajes: la Rihla de Ibn Battuta y su percepción del otro : una lectura entre el humanismo islámico y la cosmovisión tradicional islámica","Centro de Estudios de Asia y África","","Iñiguez Torres, Lourdes Patricia","",nan,"Maestro en Estudios de Asia y África","","[MeSH]",""
222,725,"01.10.2002","El Mulamadhyamakakarikah de Nagarjuna: la vacuidad como medio hábil","Centro de Estudios de Asia y África","","Arnau Navarro, Juan","",nan,"Doctor en estudios de Asia y África","","Nagarjuna, Siddha",""
223,1898,"01.10.2009","La asimilación de la tradición romano-germánica y su efecto en el modelo de familia (Ie) japonés","Centro de Estudios de Asia y África","","Villaseñor Rodríguez, Fernando","",nan,"Maestro en Estudios de Asia y Africa","","Familia",""
224,1174,"01.10.2004","Múltiples voces en la poesía de Francisco Hernández, Blanca Wiethüchter y Raúl Zurita","Centro de Estudios Lingüísticos y Literarios","","Velásquez Guzmán, Mónica","",nan,"Doctor en Literatura Hispánica","","Hernández, Francisco",""
225,622,"01.10.2004","Una revisión de la teoría de la modernización: la elección presidencial de 2000 en México","Centro de Estudios Internacionales","","López Arratia, Alejandro","",nan,"Licenciado en Administración Pública","","Elecciones",""
226,1897,"01.10.2009","Estructura productiva y mercados de trabajo en las zonas metropolitanas de Veracruz","Centro de Estudios Demográficos, Urbanos y Ambientales","","Salazar Suárez, Claudia Yanet","",nan,"Maestro en Estudios Urbanos","","Mercado de trabajo",""
227,1199,"01.10.2004","Campo disciplinario y práctica académica: el impacto de la formación profesional en la trayectoria de los académicos universitarios","Centro de Estudios Sociológicos","","Pérez Castro, Judith","",nan,"Doctor en Ciencia Social","","Formación profesional",""
